epoch,train_loss,val_loss,train_acc,val_acc,lr,time_s
1,0.0254,0.00014,0.99619,1.0,0.001,196.2
2,0.00024,1e-05,1.0,1.0,0.001,191.6
3,9e-05,1e-05,1.0,1.0,0.001,190.8
4,5e-05,1e-05,1.0,1.0,0.001,191.2
5,3e-05,0.0,1.0,1.0,0.0005,190.5
6,2e-05,0.0,1.0,1.0,0.0005,191.0
7,1e-05,0.0,1.0,1.0,0.00025,190.7
